{"initial_reset_timestamp": 1592589905.2029302, "timestamps": [1592589912.3837981, 1592589919.699144, 1592589925.7253084, 1592589931.9789975, 1592589938.3089857, 1592589944.7647204, 1592589951.4801745, 1592589958.0116167, 1592589965.9281127, 1592589971.9842505, 1592589979.4921227, 1592589986.0315924, 1592589993.4182796, 1592590000.742291, 1592590007.0028875, 1592590013.2613456, 1592590020.1692543, 1592590026.7178454, 1592590032.8249621, 1592590038.4026802, 1592590044.4681787, 1592590050.3007975, 1592590056.2624953, 1592590062.1344278, 1592590067.6696162, 1592590073.3695478, 1592590079.0111556, 1592590085.8694913, 1592590091.344383, 1592590096.588342, 1592590102.0400715, 1592590107.4710937, 1592590112.6150928, 1592590117.9010727, 1592590122.9363172, 1592590128.085778, 1592590133.5924394, 1592590139.3221672, 1592590144.6388695, 1592590149.9194205, 1592590155.0747283, 1592590160.5959399, 1592590165.7050495, 1592590170.6485457, 1592590175.5803094, 1592590181.0122328, 1592590186.2211447, 1592590191.4625413, 1592590196.7416396, 1592590201.9198947, 1592590207.3115304, 1592590212.9125824, 1592590218.1152642, 1592590223.3049614, 1592590228.744535, 1592590233.6743608, 1592590238.820163, 1592590244.074385, 1592590249.1493518, 1592590254.3563216, 1592590259.2570765, 1592590264.2207549, 1592590269.4777436, 1592590274.8092968, 1592590281.5155866], "episode_lengths": [3056, 3056, 3056, 3056, 3056, 3056, 3056, 3056, 3056, 3056, 3056, 3056, 3056, 3056, 3056, 3056, 3056, 3056, 3056, 3056, 3056, 3056, 3056, 3056, 3056, 3056, 3056, 3056, 3056, 3056, 3056, 3056, 3056, 3056, 3056, 3056, 3056, 3056, 3056, 3056, 3056, 3056, 3056, 3056, 3056, 3056, 3056, 3056, 3056, 3056, 3056, 3056, 3056, 3056, 3056, 3056, 3056, 3056, 3056, 3056, 3056, 3056, 3056, 3056, 3056], "episode_rewards": [-21.0, -21.0, -21.0, -21.0, -21.0, -21.0, -21.0, -21.0, -21.0, -21.0, -21.0, -21.0, -21.0, -21.0, -21.0, -21.0, -21.0, -21.0, -21.0, -21.0, -21.0, -21.0, -21.0, -21.0, -21.0, -21.0, -21.0, -21.0, -21.0, -21.0, -21.0, -21.0, -21.0, -21.0, -21.0, -21.0, -21.0, -21.0, -21.0, -21.0, -21.0, -21.0, -21.0, -21.0, -21.0, -21.0, -21.0, -21.0, -21.0, -21.0, -21.0, -21.0, -21.0, -21.0, -21.0, -21.0, -21.0, -21.0, -21.0, -21.0, -21.0, -21.0, -21.0, -21.0, -21.0], "episode_types": ["t", "t", "t", "t", "t", "t", "t", "t", "t", "t", "t", "t", "t", "t", "t", "t", "t", "t", "t", "t", "t", "t", "t", "t", "t", "t", "t", "t", "t", "t", "t", "t", "t", "t", "t", "t", "t", "t", "t", "t", "t", "t", "t", "t", "t", "t", "t", "t", "t", "t", "t", "t", "t", "t", "t", "t", "t", "t", "t", "t", "t", "t", "t", "t", "t", "t"]}