{"initial_reset_timestamp": 1592590489.3032808, "timestamps": [1592590496.9710839, 1592590503.711379, 1592590509.11961, 1592590514.0660124, 1592590519.0336885, 1592590524.2761898, 1592590529.814808, 1592590534.9369397, 1592590541.4375463, 1592590546.594521, 1592590552.0442414, 1592590557.2811863, 1592590562.3440356, 1592590567.8596735, 1592590573.4447718, 1592590578.8756826, 1592590583.978068, 1592590589.0026293, 1592590593.9865808, 1592590599.4081392, 1592590604.4787338, 1592590609.7694716, 1592590615.0728106, 1592590620.31181, 1592590625.4145534, 1592590630.4627125, 1592590635.6506484, 1592590642.1853945, 1592590647.9239268, 1592590653.0754237, 1592590658.851444, 1592590664.0513766, 1592590669.5207312, 1592590674.7634513, 1592590679.9641168, 1592590685.3247607, 1592590690.7772813, 1592590696.1659594, 1592590701.411456, 1592590706.6381948, 1592590712.0490346, 1592590717.3503203, 1592590722.8108149, 1592590727.9926293, 1592590733.3212726, 1592590738.400251, 1592590743.852173, 1592590749.256403, 1592590754.8719497, 1592590760.4905148, 1592590765.9359276, 1592590771.1530874, 1592590776.7130744, 1592590781.944874, 1592590787.2462606, 1592590792.6827977, 1592590797.8391054, 1592590803.3071604, 1592590808.9122214, 1592590814.2866583, 1592590819.55059, 1592590824.8562121, 1592590830.162792, 1592590835.3490708, 1592590842.0938933], "episode_lengths": [3056, 3056, 3056, 3056, 3056, 3056, 3056, 3056, 3056, 3056, 3056, 3056, 3056, 3056, 3056, 3056, 3056, 3056, 3056, 3056, 3056, 3056, 3056, 3056, 3056, 3056, 3056, 3056, 3056, 3056, 3056, 3056, 3056, 3056, 3056, 3056, 3056, 3056, 3056, 3056, 3056, 3056, 3056, 3056, 3056, 3056, 3056, 3056, 3056, 3056, 3056, 3056, 3056, 3056, 3056, 3056, 3056, 3056, 3056, 3056, 3056, 3056, 3056, 3056, 3056], "episode_rewards": [-21.0, -21.0, -21.0, -21.0, -21.0, -21.0, -21.0, -21.0, -21.0, -21.0, -21.0, -21.0, -21.0, -21.0, -21.0, -21.0, -21.0, -21.0, -21.0, -21.0, -21.0, -21.0, -21.0, -21.0, -21.0, -21.0, -21.0, -21.0, -21.0, -21.0, -21.0, -21.0, -21.0, -21.0, -21.0, -21.0, -21.0, -21.0, -21.0, -21.0, -21.0, -21.0, -21.0, -21.0, -21.0, -21.0, -21.0, -21.0, -21.0, -21.0, -21.0, -21.0, -21.0, -21.0, -21.0, -21.0, -21.0, -21.0, -21.0, -21.0, -21.0, -21.0, -21.0, -21.0, -21.0], "episode_types": ["t", "t", "t", "t", "t", "t", "t", "t", "t", "t", "t", "t", "t", "t", "t", "t", "t", "t", "t", "t", "t", "t", "t", "t", "t", "t", "t", "t", "t", "t", "t", "t", "t", "t", "t", "t", "t", "t", "t", "t", "t", "t", "t", "t", "t", "t", "t", "t", "t", "t", "t", "t", "t", "t", "t", "t", "t", "t", "t", "t", "t", "t", "t", "t", "t", "t"]}